City,Lat,Lng,Max temp,Humidity,Cloudiness,Wind Speed,Country,Date
Rio Grande,-32.035,-52.0986,300.15,50,20,4.12,BR,1615558960
Hermanus,-34.4187,19.2345,296.48,67,100,0.45,ZA,1615558962
Qaanaaq,77.484,-69.3632,257.07,69,100,0.77,GL,1615558964
Avera,33.194,-82.5271,291.48,82,1,2.06,US,1615558965
Rikitea,-23.1203,-134.9692,299.29,76,100,3.78,PF,1615558966
Anadyr,64.75,177.4833,271.15,93,90,12.0,RU,1615558968
Arrondissement de Narbonne,43.0833,2.8333,289.82,47,75,4.63,FR,1615558969
Saint-François,46.4154,3.9054,286.48,58,75,4.63,FR,1615558970
Saint-Philippe,-21.3585,55.7679,300.15,65,0,7.72,RE,1615558972
Hirara,24.8,125.2833,292.79,83,23,8.95,JP,1615558973
Saldanha,-33.0117,17.9442,301.15,36,81,4.63,ZA,1615558814
Albany,42.6001,-73.9662,283.15,40,0,1.34,US,1615558803
Dikson,73.5069,80.5464,254.17,94,100,18.2,RU,1615558977
Punta Arenas,-53.15,-70.9167,287.15,67,40,7.72,CL,1615558978
Kapaa,22.0752,-159.319,294.15,94,90,4.12,US,1615558979
Belvedere Marittimo,39.6179,15.8617,279.15,87,0,2.57,IT,1615558981
Puerto Ayora,-0.7393,-90.3518,300.15,78,20,3.6,EC,1615558721
Jamestown,42.097,-79.2353,279.82,75,1,3.98,US,1615558983
Ushuaia,-54.8,-68.3,285.15,66,0,5.14,AR,1615558863
Hilo,19.7297,-155.09,294.15,83,1,1.54,US,1615558986
Vaini,-21.2,-175.2,296.15,88,75,3.6,TO,1615558987
Pisco,-13.7,-76.2167,295.37,88,90,4.63,PE,1615558988
Svetlaya,46.5389,138.3297,270.44,72,0,2.94,RU,1615558990
Busselton,-33.65,115.3333,286.48,79,0,0.45,AU,1615558950
Provideniya,64.3833,-173.3,262.79,96,100,2.46,RU,1615558994
Severo-Kuril'sk,50.6789,156.125,267.15,79,91,14.41,RU,1615558996
Dicabisagan,17.0818,122.4157,297.66,88,43,3.87,PH,1615558997
Richards Bay,-28.783,32.0377,299.99,74,28,3.21,ZA,1615558998
Ribeira Grande,38.5167,-28.7,289.15,82,75,5.14,PT,1615559000
Butaritari,3.0707,172.7902,299.97,81,98,5.65,KI,1615559001
Hobart,-42.8794,147.3294,294.15,64,100,4.63,AU,1615558851
Broken Hill,-31.95,141.4333,299.15,34,0,4.12,AU,1615559003
Gamba,-2.65,10.0,302.24,66,100,3.03,GA,1615559005
Hithadhoo,-0.6,73.0833,301.87,60,1,1.96,MV,1615559006
Cidreira,-30.1811,-50.2056,298.2,60,18,1.83,BR,1615559007
Brae,60.3964,-1.353,280.15,76,40,14.4,GB,1615559009
Port Moresby,-9.4431,147.1797,298.94,90,89,3.17,PG,1615559010
Norman Wells,65.282,-126.8329,253.15,71,90,11.83,CA,1615559011
Ponta do Sol,32.6667,-17.1,290.15,67,75,7.72,PT,1615559014
Bluff,-46.6,168.3333,281.48,94,25,0.89,NZ,1615559015
Kapuskasing,49.4169,-82.4331,262.15,85,100,8.23,CA,1615559016
Mataura,-46.1927,168.8643,281.48,94,0,0.89,NZ,1615559018
Jalu,29.0331,21.5482,293.67,19,100,5.11,LY,1615559019
Port Alfred,-33.5906,26.891,297.04,83,11,2.68,ZA,1615559020
Beringovskiy,63.05,179.3167,272.56,96,100,9.17,RU,1615559022
Dingle,10.9995,122.6711,297.23,94,100,4.69,PH,1615559023
Shahrud,36.4182,54.9763,283.91,69,100,2.87,IR,1615559024
Aitape,-3.1374,142.3475,299.32,81,100,0.82,PG,1615559026
Cape Town,-33.9258,18.4232,301.48,38,0,2.06,ZA,1615558806
Atuona,-9.8,-139.0333,299.27,62,45,2.17,PF,1615559028
Yulara,-25.2406,130.9889,299.15,65,40,10.29,AU,1615558937
Khani,41.9563,42.9566,275.15,100,90,3.6,GE,1615559031
São Filipe,14.8961,-24.4956,296.63,62,4,2.7,CV,1615559032
Narsaq,60.9167,-46.05,265.15,53,40,2.06,GL,1615559033
Bredasdorp,-34.5322,20.0403,297.15,60,100,4.63,ZA,1615559035
Whyalla,-33.0333,137.5833,297.15,60,55,2.57,AU,1615559036
Lorengau,-2.0226,147.2712,300.88,63,100,1.56,PG,1615559037
Lavrentiya,65.5833,-171.0,255.93,97,99,1.74,RU,1615559038
La Palma,33.8464,-118.0467,279.15,100,1,1.54,US,1615559040
Carnarvon,-24.8667,113.6333,300.15,69,0,8.23,AU,1615559041
Cap Malheureux,-19.9842,57.6142,300.37,63,54,4.47,MU,1615559042
Boa Vista,2.8197,-60.6733,300.15,69,75,4.12,BR,1615558971
El Alto,-4.2714,-81.2147,299.15,73,0,4.63,PE,1615559045
Marsá Maţrūḩ,31.3525,27.2453,289.15,51,20,7.72,EG,1615559046
La Ronge,55.1001,-105.2842,267.15,79,100,1.54,CA,1615559048
East London,-33.0153,27.9116,300.15,69,0,8.23,ZA,1615559049
Tuktoyaktuk,69.4541,-133.0374,251.15,84,75,8.23,CA,1615559050
Zlobin,45.2924,14.6541,283.15,87,75,6.69,HR,1615559052
Shebunino,46.4339,141.8603,272.34,69,0,5.25,RU,1615559053
Arraial do Cabo,-22.9661,-42.0278,302.15,78,0,3.09,BR,1615559054
Poum,-20.2333,164.0167,299.23,74,99,7.1,NC,1615559056
Katsuura,35.1333,140.3,284.82,91,100,0.45,JP,1615559059
Vao,-22.6667,167.4833,297.44,78,61,6.33,NC,1615559060
Pitimbu,-7.4706,-34.8086,304.15,55,75,5.14,BR,1615559062
Otane,-39.8833,176.6333,287.59,69,85,1.34,NZ,1615559063
Horadiz,39.4488,47.3353,273.15,100,90,7.2,AZ,1615559064
Andros Town,24.7,-77.7667,297.15,64,40,6.69,BS,1615559066
Bethel,41.3712,-73.414,288.15,36,1,4.12,US,1615559067
Tailai,46.3833,123.4,276.52,40,82,3.87,CN,1615559068
Haines Junction,60.7522,-137.5108,259.15,56,100,4.63,CA,1615559070
Ketchikan,55.3422,-131.6461,276.15,86,90,3.6,US,1615559071
Iqaluit,63.7506,-68.5145,246.48,69,40,5.14,CA,1615559072
Matías Romero,16.8833,-95.0333,295.44,88,66,3.3,MX,1615559074
Murgab,37.4966,61.9714,286.15,54,90,4.12,TM,1615559075
Nikolskoye,59.7035,30.7861,270.15,80,75,7.0,RU,1615559076
Longyearbyen,78.2186,15.6401,255.15,60,20,4.12,SJ,1615559078
Faanui,-16.4833,-151.75,301.48,65,92,2.89,PF,1615559079
Yellowknife,62.456,-114.3525,257.15,85,20,5.66,CA,1615559080
Channel-Port aux Basques,47.5702,-59.1367,276.0,92,100,5.74,CA,1615559082
Port Lincoln,-34.7333,135.8667,292.85,74,97,4.36,AU,1615559083
Luanda,-8.8368,13.2343,302.15,74,75,3.6,AO,1615558805
Chokurdakh,70.6333,147.9167,244.62,99,27,2.35,RU,1615559085
Zhigansk,66.7697,123.3711,254.46,98,100,1.64,RU,1615559087
Nome,64.5011,-165.4064,252.15,77,75,4.63,US,1615559088
Souillac,-20.5167,57.5167,301.15,65,40,4.12,MU,1615559089
Hong Kong,22.2855,114.1577,297.04,80,6,2.97,HK,1615558826
Yurty,56.0498,97.6348,272.78,83,100,3.34,RU,1615559092
Grand Gaube,-20.0064,57.6608,300.37,63,45,2.68,MU,1615559093
Sabha,27.0377,14.4283,300.67,20,64,8.77,LY,1615559095
Bac Lieu,9.285,105.7244,299.38,77,25,7.57,VN,1615559096
Codrington,-38.2667,141.9667,290.92,62,99,3.53,AU,1615559097
Kahului,20.8947,-156.47,295.15,83,20,5.14,US,1615559099
Harper,4.375,-7.7169,301.46,80,100,4.25,LR,1615559100
Torbay,47.6666,-52.7314,280.15,70,75,11.83,CA,1615559101
Saint-Augustin,51.226,-58.6502,274.07,99,100,10.76,CA,1615559103
Meulaboh,4.1363,96.1285,299.95,74,100,0.46,ID,1615559104
Sangar,63.9242,127.4739,257.7,89,100,4.3,RU,1615559105
Mogadishu,2.0371,45.3438,302.15,61,0,7.2,SO,1615559100
Worland,44.0169,-107.9554,265.15,86,1,2.18,US,1615559109
Tezu,27.9167,96.1667,296.27,47,24,1.98,IN,1615559111
Nakusp,50.2499,-117.8023,268.15,93,90,1.03,CA,1615559113
Khatanga,71.9667,102.5,246.93,79,94,3.79,RU,1615559114
Seoul,37.5683,126.9778,281.15,70,20,4.12,KR,1615558840
Kiama,-34.6833,150.8667,294.82,84,3,0.45,AU,1615559116
Shache,38.4167,77.2406,286.74,23,100,2.87,CN,1615559118
Tiksi,71.6872,128.8694,250.91,84,100,9.71,RU,1615559119
Ulladulla,-35.35,150.4667,292.15,100,1,1.25,AU,1615559120
Avarua,-21.2078,-159.775,299.15,83,0,2.06,CK,1615559122
Ürümqi,43.801,87.6005,273.15,93,75,4.0,CN,1615558934
Birjand,32.8663,59.2211,294.15,13,90,2.06,IR,1615559124
Half Moon Bay,37.4636,-122.4286,280.15,93,1,1.76,US,1615559125
Along,28.1667,94.7667,292.66,69,0,0.66,IN,1615559127
Port Blair,11.6667,92.75,300.99,75,0,2.99,IN,1615559128
Lufilufi,-13.8745,-171.5986,297.15,94,20,1.54,WS,1615559129
Alta Floresta,-9.8756,-56.0861,301.15,74,75,2.06,BR,1615558853
Hasaki,35.7333,140.8333,284.26,93,75,2.06,JP,1615559132
Ocara,-4.4908,-38.5967,303.15,65,97,2.95,BR,1615559133
Chaman,30.9236,66.4512,293.2,20,100,1.73,PK,1615559135
Santa Cruz de la Sierra,-17.8,-63.1667,301.15,74,75,5.14,BO,1615559136
Barrow,71.2906,-156.7887,239.15,68,1,4.63,US,1615559137
Husavik,66.0449,-17.3389,273.15,86,90,6.69,IS,1615559139
Clifton,40.8584,-74.1638,289.15,41,1,5.14,US,1615559140
Aklavik,68.2191,-135.0107,251.15,71,75,10.29,CA,1615559141
Macklin,52.3334,-109.9348,267.15,93,98,2.57,CA,1615559144
Kaitangata,-46.2817,169.8464,282.62,86,0,0.83,NZ,1615559145
Fort Nelson,58.8053,-122.7002,267.15,73,75,3.09,CA,1615559146
Asău,46.4333,26.4,280.37,47,78,4.58,RO,1615559148
Paamiut,61.994,-49.6678,263.11,88,100,2.25,GL,1615559149
Rockland,41.1668,-74.0496,288.15,38,40,7.2,US,1615559150
Acajutla,13.5928,-89.8275,298.15,53,0,2.02,SV,1615559152
Sur,22.5667,59.5289,300.34,40,0,4.51,OM,1615558986
Hualmay,-11.0964,-77.6139,296.95,72,1,3.36,PE,1615559155
Ilulissat,69.2167,-51.1,262.15,57,40,3.6,GL,1615559157
New Norfolk,-42.7826,147.0587,294.15,64,100,4.63,AU,1615559158
Tamiahua,21.2667,-97.45,296.57,91,97,3.14,MX,1615559159
Bonnyville,54.2668,-110.735,271.15,59,90,3.6,CA,1615559003
Caravelas,-17.7125,-39.2481,302.64,55,10,4.11,BR,1615559162
Sørland,67.667,12.6934,276.15,75,75,1.03,NO,1615559163
Timbiras,-4.2553,-43.9406,301.44,80,100,1.8,BR,1615559164
George Town,5.4112,100.3354,298.15,94,40,1.54,MY,1615558870
Catalina,32.5056,-110.9211,283.71,65,100,5.21,US,1615559167
Ilula,-7.6766,36.0366,300.15,41,20,5.14,TZ,1615559168
Castro,-24.7911,-50.0119,297.25,54,0,1.59,BR,1615559170
Bengkulu,-3.8004,102.2655,299.13,78,100,1.79,ID,1615558907
Saint Paul Harbor,57.79,-152.4072,265.15,53,1,9.26,US,1615559172
Kamaishi,39.2667,141.8833,278.75,65,100,1.79,JP,1615559174
Airai,-8.9266,125.4092,289.52,93,100,0.56,TL,1615559176
Hay River,60.8156,-115.7999,262.15,85,78,5.14,CA,1615559006
Mercedes,-34.6515,-59.4307,300.93,42,21,1.34,AR,1615559178
Viedma,-40.8135,-62.9967,296.88,32,85,5.4,AR,1615559179
San Jerónimo,-11.9472,-75.2829,282.38,86,99,0.92,PE,1615559181
Bubaque,11.2833,-15.8333,300.91,49,23,2.18,GW,1615559182
Vestmannaeyjar,63.4427,-20.2734,278.15,60,75,4.63,IS,1615559183
Carson City,39.1638,-119.7674,274.15,64,90,2.94,US,1615559185
Malartic,48.1335,-78.1328,270.37,74,75,4.12,CA,1615559186
Mount Isa,-20.7333,139.5,300.15,65,0,2.48,AU,1615559189
Aldan,58.6031,125.3894,267.73,93,100,6.4,RU,1615559190
Province of Mantua,45.1667,10.7833,289.26,66,75,3.6,IT,1615559011
Ojinaga,29.5667,-104.4167,291.15,63,1,2.15,MX,1615559192
São José da Coroa Grande,-8.8978,-35.1478,302.29,64,28,4.41,BR,1615559194
Karpathos,35.507,27.2132,288.15,51,20,12.86,GR,1615559195
Fairbanks,64.8378,-147.7164,243.71,76,1,0.23,US,1615559163
Banjar,-8.19,114.9675,299.15,94,20,0.51,ID,1615559197
Lüderitz,-26.6481,15.1594,297.57,59,24,3.88,NA,1615559003
Venkatagiri,13.9667,79.5833,301.15,57,20,2.06,IN,1615559200
São Miguel do Araguaia,-13.275,-50.1628,298.27,82,98,1.28,BR,1615559202
Saskylakh,71.9167,114.0833,248.34,83,98,4.65,RU,1615559204
Bundaberg,-24.85,152.35,296.48,94,0,1.54,AU,1615558982
Sinnamary,5.3833,-52.95,298.52,88,100,2.99,GF,1615559206
Leh,34.1667,77.5833,267.84,54,92,0.83,IN,1615559208
Wapi Pathum,15.8452,103.3768,303.15,69,0,1.54,TH,1615559209
Teluk Nibung,3.001,99.8164,298.75,84,99,1.66,ID,1615559210
Puerto Peñasco,31.3167,-113.5333,286.72,53,64,2.85,MX,1615559212
Royan,45.6285,-1.0281,286.15,58,0,8.75,FR,1615559213
Aquin,18.2833,-73.4,298.63,72,2,1.16,HT,1615559214
Kruisfontein,-34.0033,24.7314,301.02,44,99,4.51,ZA,1615559216
Mūl,20.0667,79.6667,302.14,21,3,0.7,IN,1615559217
Puerto Baquerizo Moreno,-0.9,-89.6,300.15,89,20,2.06,EC,1615559218
Makurdi,7.7411,8.5121,311.78,31,70,4.46,NG,1615559220
Barra do Garças,-15.89,-52.2567,303.15,70,40,2.06,BR,1615559221
Ashland,40.8167,-82.2665,280.15,65,1,2.57,US,1615558981
Rize,40.9044,40.8949,263.92,94,100,2.37,TR,1615559223
Gouré,13.9835,10.2704,312.04,4,0,0.89,NE,1615559225
Riacho de Santana,-13.6092,-42.9389,303.55,44,15,1.25,BR,1615559226
Marovoay,-16.1,46.6333,304.02,70,8,0.16,MG,1615559227
Yangi Marg`ilon,40.4272,71.7189,284.15,62,100,3.09,UZ,1615559229
Klaksvík,62.2266,-6.589,277.15,93,75,8.75,FO,1615559230
Roald,62.5833,6.1333,279.15,75,75,7.72,NO,1615559231
Charters Towers,-20.1,146.2667,296.32,83,0,4.49,AU,1615559233
Cherskiy,68.75,161.3,251.46,81,100,2.92,RU,1615559234
Nabire,-3.3667,135.4833,298.35,89,95,1.36,ID,1615559235
Kiryat Gat,31.61,34.7642,289.82,37,26,0.45,IL,1615559160
Jaicós,-7.3592,-41.1378,303.68,58,20,2.15,BR,1615559238
Adrar,20.5022,-10.0711,300.55,12,1,8.33,MR,1615559239
Mahon,39.8885,4.2658,289.15,72,40,6.17,ES,1615559240
Sam Roi Yot,12.2708,99.872,298.81,79,0,3.21,TH,1615559242
Hondomachi-hondo,32.45,130.2,287.04,87,75,7.15,JP,1615559243
Santa Cruz,30.4202,-9.5982,296.15,35,0,6.17,MA,1615559244
Brandfort,-28.7001,26.4597,304.15,22,20,3.6,ZA,1615559246
Dawlatabad,36.4141,64.9053,293.53,35,100,4.65,AF,1615559247
Mackay,-21.15,149.2,300.15,74,4,4.63,AU,1615559249
Saint George,37.1041,-113.5841,276.48,87,90,2.06,US,1615558951
Moerai,-22.4333,-151.3333,299.28,65,100,2.04,PF,1615559253
Padang,-0.9492,100.3543,297.15,94,40,1.03,ID,1615559254
Tarko-Sale,64.9225,77.785,246.84,88,0,6.42,RU,1615559256
Sitka,57.0531,-135.33,272.15,80,75,3.09,US,1615559257
Ihosy,-22.4,46.1167,297.96,77,1,4.46,MG,1615559259
Sīrjān,29.452,55.6814,292.57,22,100,11.46,IR,1615559261
Tamsweg,47.1281,13.811,285.15,50,40,2.57,AT,1615559262
Ust-Tsilma,65.441,52.1498,266.03,84,91,4.16,RU,1615559263
Talcahuano,-36.7167,-73.1167,291.15,68,0,2.57,CL,1615559265
Port Elizabeth,-33.918,25.5701,298.15,69,0,4.12,ZA,1615559266
Marawi,7.9986,124.2928,297.59,91,92,1.34,PH,1615559267
Kjøllefjord,70.9457,27.3465,269.15,80,75,7.2,NO,1615559269
Kungurtug,50.5994,97.5228,268.34,69,0,2.15,RU,1615559270
Mingshui,36.7167,117.5,286.48,59,1,1.43,CN,1615559271
Mogwase,-25.185,27.2665,296.38,56,90,9.39,ZA,1615559273
Mount Gambier,-37.8333,140.7667,292.15,59,100,4.12,AU,1615558984
Tessalit,20.1986,1.0114,300.77,13,0,8.61,ML,1615559275
Kutum,14.2,24.6667,307.8,5,39,5.98,SD,1615559276
Kieta,-6.2167,155.6333,299.84,82,100,2.31,PG,1615559278
Shūshtar,32.0455,48.8567,294.44,51,77,7.62,IR,1615559279
Mahébourg,-20.4081,57.7,301.15,65,40,4.12,MU,1615559280
Faya,18.3851,42.4509,297.15,49,20,5.66,SA,1615559282
Cabo San Lucas,22.8909,-109.9124,288.71,67,75,2.06,MX,1615559284
Srednekolymsk,67.45,153.6833,248.85,96,100,2.92,RU,1615559285
Ballina,-28.8667,153.5667,294.26,94,40,1.54,AU,1615559287
Sangmélima,2.9333,11.9833,301.97,55,100,1.7,CM,1615559288
Roseburg,43.2165,-123.3417,274.15,93,90,1.54,US,1615559110
Teahupoo,-17.8333,-149.2667,298.15,88,20,1.03,PF,1615559291
Hobyo,5.3505,48.5268,299.94,72,94,7.08,SO,1615559292
Imbituba,-28.24,-48.6703,300.15,61,20,2.06,BR,1615559293
San Patricio,28.017,-97.5169,295.93,88,40,8.23,US,1615559296
Zernograd,46.8452,40.3083,271.48,29,0,7.15,RU,1615559297
Sorong,-0.8833,131.25,300.0,75,100,2.91,ID,1615559298
Samarai,-10.6167,150.6667,301.59,74,100,1.48,PG,1615559300
Gubkinskiy,64.434,76.5026,248.47,88,0,6.74,RU,1615559301
‘Āhuimanu,21.4447,-157.8378,295.15,94,1,2.06,US,1615559302
Kavieng,-2.5744,150.7967,301.09,66,83,2.05,PG,1615559304
Mamontovo,52.7055,81.6244,260.67,87,100,1.44,RU,1615559305
Kristinehamn,59.3098,14.1081,280.15,75,75,7.2,SE,1615559306
Ancud,-41.8697,-73.8203,288.15,82,20,3.09,CL,1615559308
Laas,46.6166,10.7002,290.15,31,0,2.06,IT,1615559309
Bambous Virieux,-20.3428,57.7575,301.15,65,40,4.12,MU,1615559311
Smithers,54.7804,-127.1743,273.15,93,90,3.09,CA,1615559312
Sioux Lookout,50.1001,-91.917,257.15,72,1,3.6,CA,1615559313
Rura,26.4833,79.9,298.36,37,99,7.07,IN,1615559315
San Quintín,30.4833,-115.95,282.85,75,78,1.41,MX,1615559316
Mar del Plata,-38.0023,-57.5575,293.15,64,20,3.6,AR,1615559277
Jieshi,22.8134,115.8257,298.15,73,27,8.35,CN,1615559319
Lebu,-37.6167,-73.65,289.77,69,0,7.9,CL,1615559320
Itarema,-2.9248,-39.9167,303.36,62,99,6.25,BR,1615559321
Orbetello,42.4408,11.2196,289.15,100,90,6.69,IT,1615559323
Savannah Bight,16.45,-85.85,299.15,83,40,7.3,HN,1615559324
Bedelē,8.456,36.353,302.08,20,40,1.25,ET,1615559325
Miyang,24.4042,103.4428,289.17,36,0,0.03,CN,1615559327
Correia Pinto,-27.5847,-50.3611,299.33,44,47,0.65,BR,1615559328
Yerbogachën,61.2767,108.0108,260.06,95,50,2.57,RU,1615559329
Den Helder,52.9599,4.7593,280.37,87,90,11.83,NL,1615559331
Lata,40.1629,-8.3327,288.71,44,11,2.24,PT,1615559332
San Vicente de Cañete,-13.0751,-76.3835,296.55,76,2,2.28,PE,1615559334
Preobrazheniye,42.9019,133.9064,273.45,73,0,1.03,RU,1615559335
Yantal',56.8471,105.2542,267.52,92,99,3.34,RU,1615559336
Kirksville,40.1948,-92.5833,278.71,81,1,3.6,US,1615559339
Tuatapere,-46.1333,167.6833,281.48,94,2,0.89,NZ,1615559340
Hanmer Springs,-42.5167,172.8167,281.44,89,0,1.11,NZ,1615559342
Salalah,17.0151,54.0924,301.15,57,0,4.12,OM,1615559343
Thompson,55.7435,-97.8558,251.15,77,75,1.54,CA,1615559344
Lodja,-3.4833,23.4333,308.45,40,50,0.96,CD,1615559346
Hofn,64.2539,-15.2082,278.15,56,75,8.23,IS,1615559347
Upernavik,72.7868,-56.1549,255.52,77,0,0.68,GL,1615559348
Naze,28.3667,129.4833,288.4,80,97,6.57,JP,1615559350
Arlit,18.7369,7.3853,310.7,7,97,6.39,NE,1615559351
Letterkenny,54.95,-7.7333,280.15,70,40,9.26,IE,1615559352
Richha,28.7,79.5167,298.39,29,100,4.87,IN,1615559353
Talara,-4.5772,-81.2719,299.15,73,0,4.63,PE,1615559355
Sambava,-14.2667,50.1667,301.58,75,48,6.42,MG,1615559059
Okha,53.5739,142.9478,264.58,95,100,2.71,RU,1615559357
Minot,48.2325,-101.2963,267.15,68,1,5.14,US,1615559361
Kroya,-7.6331,109.2461,299.57,84,100,0.65,ID,1615559362
Sarakhs,36.5449,61.1577,285.15,58,90,4.12,IR,1615559363
Qian’an,44.9932,124.0581,272.93,51,80,1.68,CN,1615559365
Ankazoabo,-22.2833,44.5167,302.16,63,73,0.92,MG,1615559366
Chui,-33.6971,-53.4616,298.34,55,0,3.75,UY,1615559367
Porto Velho,-8.7619,-63.9039,298.15,88,75,2.06,BR,1615559369
Nkowakowa,-23.8878,30.2871,299.15,41,40,5.14,ZA,1615559370
Suffolk,40.8668,-72.7996,289.15,44,90,5.66,US,1615559371
Arua,3.0201,30.9111,306.57,19,76,3.1,UG,1615559373
Margate,51.3813,1.3862,283.71,53,100,2.24,GB,1615559374
Tsimmerbude,54.675,20.1347,278.15,81,75,12.0,RU,1615559375
Xichang,27.8964,102.2634,288.28,50,0,1.0,CN,1615559377
Vardø,70.3705,31.1107,268.15,80,75,13.38,NO,1615559378
Ngaoundéré,7.3167,13.5833,305.82,21,100,0.66,CM,1615559379
Gushikawa,26.3544,127.8686,292.15,72,90,4.12,JP,1615559381
Fare,-16.7,-151.0167,301.17,66,5,2.1,PF,1615559382
Trincomalee,8.5711,81.2335,300.31,74,72,5.3,LK,1615559383
Praia da Vitória,38.7333,-27.0667,287.15,100,75,6.37,PT,1615559385
Tasiilaq,65.6145,-37.6368,268.15,80,40,1.54,GL,1615559386
Vila,42.0304,-8.1588,286.48,65,39,4.02,PT,1615559387
Opuwo,-18.0607,13.84,306.4,23,85,4.7,NA,1615559389
Juradó,7.1053,-77.7641,298.37,83,94,1.8,CO,1615559390
Morwell,-38.2333,146.4,289.82,91,88,0.94,AU,1615559391
Dul'durga,50.6761,113.5931,273.56,73,100,2.41,RU,1615559393
Wilmington,34.2257,-77.9447,293.15,63,1,5.66,US,1615559124
Bhag,29.0415,67.8239,301.18,22,2,3.51,PK,1615559395
Lumphat,13.4878,106.9816,300.29,51,3,4.77,KH,1615559396
Cabedelo,-6.9811,-34.8339,304.15,55,75,5.14,BR,1615559398
Erenhot,43.6475,111.9767,275.17,48,0,2.87,CN,1615559399
Tagbina,8.4519,126.1714,296.74,96,100,0.44,PH,1615559400
Coquimbo,-29.9533,-71.3436,290.15,82,90,3.09,CL,1615559145
Sola,-13.8833,167.55,300.52,77,100,7.4,VU,1615559404
Grindavik,63.8424,-22.4338,274.15,75,75,12.35,IS,1615559353
Smirnykh,49.75,142.8333,266.53,80,40,1.52,RU,1615559407
Gaborone,-24.6545,25.9086,304.15,33,40,4.63,BW,1615559409
Alexandria,31.2156,29.9553,290.15,55,40,6.69,EG,1615559377
Karasjok,69.4719,25.5112,269.15,68,75,8.23,NO,1615559412
Kangundo,-1.2979,37.3471,300.15,28,40,6.17,KE,1615559413
Pokhara,28.2333,83.9833,293.35,22,70,2.82,NP,1615559414
Sakakah,29.9697,40.2064,292.15,27,0,13.89,SA,1615559416
Fairmont,39.4851,-80.1426,281.48,96,100,1.58,US,1615559417
Sittwe,20.15,92.9,298.62,77,0,5.12,MM,1615559418
Udachny,66.4167,112.4,249.77,91,20,3.96,RU,1615559420
Yuli,9.6989,10.2744,313.88,17,2,4.07,NG,1615559421
Mukacheve,48.4392,22.7178,278.71,93,90,3.0,UA,1615559422
Necochea,-38.5473,-58.7368,295.37,44,68,0.89,AR,1615559424
Nanortalik,60.1432,-45.2371,266.29,62,19,7.0,GL,1615559425
Warrington,53.3925,-2.5802,282.59,66,75,8.75,GB,1615559403
Kavaratti,10.5669,72.642,301.88,64,94,1.01,IN,1615559427
Ban Dung,17.699,103.2596,304.82,58,0,1.54,TH,1615559429
Tokmak,47.2514,35.7058,270.49,51,98,5.77,UA,1615559431
Paracatu,-17.2222,-46.8747,299.45,79,78,0.81,BR,1615559433
Agadez,19.75,10.25,311.4,4,0,8.84,NE,1615559434
Peniche,39.3558,-9.3811,289.26,69,80,3.58,PT,1615559435
Ahipara,-35.1667,173.1667,288.52,90,0,1.77,NZ,1615559437
Kysyl-Syr,63.8986,122.7617,257.06,96,99,1.71,RU,1615559438
Fukuechō,32.6881,128.8419,286.41,83,90,13.5,JP,1615559440
Zhangye,38.9342,100.4517,286.03,17,9,5.56,CN,1615559442
Touros,-5.1989,-35.4608,304.15,51,20,7.2,BR,1615559443
Smyshlyayevka,53.2391,50.3907,267.15,42,0,2.0,RU,1615559444
Carutapera,-1.195,-46.02,300.15,90,99,3.04,BR,1615559446
Mattru,7.6244,-11.8332,309.27,38,92,1.23,SL,1615559447
Arman',59.7,150.1667,254.57,70,0,3.41,RU,1615559448
Nishihara,26.1842,127.7558,292.15,63,90,4.63,JP,1615559450
Río Gallegos,-51.6226,-69.2181,293.15,32,0,10.8,AR,1615559451
Freeport,40.6576,-73.5832,289.15,41,90,4.12,US,1615559246
Clyde River,70.4692,-68.5914,254.15,84,90,6.69,CA,1615559454
Lubao,14.9167,120.55,300.15,69,75,2.06,PH,1615559455
Itamarandiba,-17.8572,-42.8589,297.3,80,47,1.55,BR,1615559456
St. George's,12.0564,-61.7485,301.15,69,75,9.77,GD,1615559262
Henties Bay,-22.116,14.2845,294.42,74,2,6.09,NA,1615559459
Trofors,65.5333,13.4063,275.15,80,75,4.12,NO,1615559460
Portland,45.5234,-122.6762,275.93,80,20,0.47,US,1615559414
Manyana,-23.4,21.7167,300.73,38,68,7.07,BW,1615559462
City of San Pedro,14.35,121.0167,299.82,78,75,1.03,PH,1615559464
Salinas,36.6777,-121.6555,284.15,81,90,1.12,US,1615559465
Makakilo City,21.3469,-158.0858,294.15,88,75,1.54,US,1615559454
Tigil',57.8,158.6667,262.5,94,100,5.83,RU,1615559468
Houston,29.7633,-95.3633,295.37,88,75,5.14,US,1615559444
Huejuquilla el Alto,22.6,-103.8667,290.85,30,0,0.64,MX,1615559470
Villa María,-32.4075,-63.2402,300.87,40,96,3.04,AR,1615559471
Santa María del Oro,25.9333,-105.3667,289.47,31,43,2.01,MX,1615559474
Laguna,38.421,-121.4238,276.48,80,1,0.83,US,1615559471
Abu Dhabi,24.4667,54.3667,310.15,14,0,2.57,AE,1615559448
Labuhan,-6.8844,112.2051,299.57,81,88,1.4,ID,1615559477
Mitsamiouli,-11.3847,43.2844,301.84,67,11,2.39,KM,1615559479
Panzhihua,26.5851,101.7128,288.15,43,0,0.17,CN,1615559480
Vikhorevka,56.1201,101.1636,271.15,50,100,3.0,RU,1615559481
Quatre Cocos,-20.2078,57.7625,301.15,65,40,4.12,MU,1615559483
Banting,2.8167,101.5,299.15,88,20,1.03,MY,1615559484
Rawson,-43.3002,-65.1023,294.8,36,47,5.41,AR,1615559305
Mossamedes,-15.1961,12.1522,299.22,72,3,5.9,AO,1615559487
Coolum Beach,-26.5333,153.1,295.93,95,11,1.17,AU,1615559488
Bagdarin,54.4333,113.6,267.42,86,73,1.67,RU,1615559489
Lodwar,3.1191,35.5973,308.44,24,31,8.27,KE,1615559491
Namuac,18.6109,121.1657,297.54,86,68,6.59,PH,1615559492
Ventspils,57.3894,21.5606,277.15,100,90,7.72,LV,1615559493
Tumsar,21.3833,79.7333,300.87,24,47,1.64,IN,1615559495
Hadejia,12.4498,10.0444,313.41,9,62,0.09,NG,1615559496
Maniitsoq,65.4167,-52.9,265.26,79,100,1.97,GL,1615559497
Ilhabela,-23.7781,-45.3581,300.19,79,26,1.88,BR,1615559499
Navahrudak,53.6,25.8333,274.47,98,100,4.58,BY,1615559501
Bonavista,48.6499,-53.1147,277.15,87,99,4.63,CA,1615559502
Young,-32.6833,-57.6333,304.26,46,8,0.45,UY,1615559504
Cooma,-36.2333,149.1333,285.15,100,40,2.57,AU,1615559505
San Vicente,-26.6167,-54.1333,303.77,26,0,0.58,AR,1615559506
Vilyuysk,63.7553,121.6247,256.92,97,98,1.42,RU,1615559508
Anykščiai,55.5256,25.1026,275.49,97,100,5.97,LT,1615559509
Morales,2.757,-76.6172,294.58,72,48,1.12,CO,1615559511
Pangnirtung,66.1451,-65.7125,246.15,69,20,0.94,CA,1615559512
Zunheboto,25.9667,94.5167,287.49,47,0,0.85,IN,1615559513
Stornoway,58.2093,-6.3865,278.15,87,40,9.77,GB,1615559515
Safonovo,55.15,33.2167,267.63,90,100,8.8,RU,1615559516
Nemuro,43.3236,145.575,271.89,85,0,2.92,JP,1615559517
Lerici,44.0759,9.9112,288.15,77,40,3.6,IT,1615559519
Bairiki Village,1.3292,172.9752,300.15,78,20,3.09,KI,1615559520
Mayo,38.8876,-76.5119,292.04,45,40,2.06,US,1615559521
Ambilobe,-13.2,49.05,298.34,88,99,0.35,MG,1615559525
Yar-Sale,66.8333,70.8333,259.58,86,100,7.57,RU,1615559526
Fortuna,40.5982,-124.1573,278.71,93,90,3.09,US,1615559528
Bosaso,11.2842,49.1816,300.15,83,0,10.29,SO,1615559529
Constitución,-35.3333,-72.4167,294.22,50,0,1.64,CL,1615559530
Juneau,58.3019,-134.4197,270.15,80,75,0.48,US,1615559415
Kununurra,-15.7667,128.7333,300.15,94,40,1.03,AU,1615559533
Sayyan,15.1718,44.3244,293.26,29,55,1.39,YE,1615559482
Kailua,21.4022,-157.7394,295.15,94,1,2.06,US,1615559535
Qui Nhon,13.7667,109.2333,297.27,86,92,4.34,VN,1615559373
Mandan,46.8267,-100.8896,266.15,100,1,3.09,US,1615559538
Tonantins,-2.8731,-67.8022,299.13,82,100,0.85,BR,1615559539
Catuday,16.2923,119.8062,298.7,72,100,2.08,PH,1615559540
Marzuq,14.4,46.4667,296.02,28,0,5.75,YE,1615559542
Marsh Harbour,26.5412,-77.0636,294.89,72,1,8.62,BS,1615559543
Kota Kinabalu,5.9749,116.0724,300.15,83,20,1.54,MY,1615559544
Konosha,60.9736,40.257,264.69,83,0,5.27,RU,1615559546
Örnsköldsvik,63.2909,18.7153,271.15,100,90,4.63,SE,1615559547
Taltal,-25.4,-70.4833,294.12,80,94,1.68,CL,1615559548
Ames,42.0347,-93.6199,276.48,75,1,2.49,US,1615559401
Tilichiki,60.4667,166.1,269.45,96,100,3.57,RU,1615559551
Tokat,40.4167,36.5833,268.93,57,0,1.79,TR,1615559552
Alice Town,25.7167,-79.3,294.98,68,0,8.43,BS,1615559553
Pacol,10.45,122.8167,299.14,83,100,4.33,PH,1615559555
Jijiang,29.2906,106.2542,290.93,63,0,4.0,CN,1615559556
Buala,-8.145,159.5921,299.35,77,45,2.67,SB,1615559557
Vila Franca do Campo,37.7167,-25.4333,288.15,94,75,5.66,PT,1615559561
Marabu,4.4148,114.0089,299.15,94,40,1.03,MY,1615559562
Las Cruces,32.3123,-106.7783,285.15,15,1,1.54,US,1615559408
Kempele,64.9131,25.5034,269.26,68,75,4.12,FI,1615559419
Polunochnoye,60.8697,60.4153,260.56,85,31,3.0,RU,1615559566
Tarui,35.3667,136.5333,285.37,15,100,3.49,JP,1615559567
Juegang,32.3174,121.1855,282.59,80,0,1.93,CN,1615559569
Zambrów,52.9855,22.2432,279.82,71,100,4.57,PL,1615559573
Ous,60.9058,61.5186,261.62,82,44,4.3,RU,1615559575
Upington,-28.4478,21.2561,312.15,10,40,5.66,ZA,1615559577
Bathsheba,13.2167,-59.5167,301.15,61,40,8.23,BB,1615559578
Pevek,69.7008,170.3133,252.5,82,100,1.09,RU,1615559580
Cairns,-16.9167,145.7667,299.15,83,75,3.6,AU,1615559581
Bobrovka,54.047,61.7455,254.06,88,33,4.19,RU,1615559582
Mechetinskaya,46.7713,40.456,270.62,37,0,4.76,RU,1615559528
Guerrero Negro,27.9769,-114.0611,286.26,64,0,1.01,MX,1615559586
Esim,4.8699,-2.2405,303.05,68,74,4.48,GH,1615559587
Maralal,1.0968,36.698,296.31,33,100,7.49,KE,1615559589
Bilibino,68.0546,166.4372,253.36,81,100,1.6,RU,1615559590
Zeya,53.75,127.2667,271.18,99,100,0.91,RU,1615559591
Balsas,-7.5325,-46.0356,302.57,69,86,2.57,BR,1615559593
Katav-Ivanovsk,54.7531,58.1956,258.72,95,100,2.76,RU,1615559594
Gravdal,68.1214,13.5031,276.15,60,90,4.63,NO,1615559595
Aktau,43.65,51.2,269.15,33,0,11.0,KZ,1615559597
Dhidhdhoo,6.8833,73.1,301.79,74,7,6.94,MV,1615559598
Meliti,40.8333,21.5833,287.04,26,20,2.57,GR,1615559599
Iberia,29.9502,-91.7507,292.59,100,90,3.09,US,1615559601
Manta,-0.95,-80.7333,301.15,74,40,1.54,EC,1615559492
Mabaruma,8.2,-59.7833,302.02,67,21,3.08,GY,1615559603
Beloha,-25.1667,45.05,299.44,66,0,6.64,MG,1615559604
Agüimes,27.9054,-15.4461,295.93,64,20,7.72,ES,1615559606
Leningradskiy,69.3833,178.4167,256.07,77,100,4.31,RU,1615559607
Chenzhou,25.8,113.0333,288.09,90,11,0.37,CN,1615559608
Kilindoni,-7.9139,39.6668,301.09,68,0,5.07,TZ,1615559610
Paramonga,-10.6667,-77.8333,297.93,69,4,4.16,PE,1615559612
Hlukhiv,51.6782,33.9162,268.67,66,100,7.75,UA,1615559614
Atar,20.5169,-13.0499,304.63,10,0,7.54,MR,1615559615
Krapivinskiy,54.9992,86.8133,261.15,56,0,3.0,RU,1615559616
Evensk,61.95,159.2333,262.19,79,100,4.18,RU,1615559618
Haverhill,42.7762,-71.0773,286.48,24,1,9.26,US,1615559619
Suntar,62.1444,117.6319,261.98,90,99,3.57,RU,1615559620
Zhezkazgan,47.8043,67.7144,254.1,86,62,5.13,KZ,1615559622
Hīt,33.6416,42.8251,289.77,26,11,11.42,IQ,1615559624
Marinette,45.1,-87.6307,273.15,43,20,4.12,US,1615559625
Kaputa,-8.4689,29.6619,300.52,73,81,3.16,ZM,1615559627
Russell,32.3502,-85.1999,289.26,77,1,0.88,US,1615559408
Dinghaicun,26.2847,119.7936,288.15,82,90,5.0,CN,1615559629
Chumikan,54.7183,135.315,271.06,77,78,9.74,RU,1615559630
Liwale,-9.7667,37.9333,298.77,82,95,1.71,TZ,1615559632
Jumla,29.2747,82.1838,279.83,62,86,1.88,NP,1615559633
Shubarkuduk,49.1447,56.4872,255.31,91,12,2.52,KZ,1615559636
Ruza,55.699,36.1952,266.15,38,0,9.0,RU,1615559637
Najrān,17.4924,44.1277,306.15,8,0,4.12,SA,1615559638
Kampene,-3.6,26.6667,302.8,56,51,0.34,CD,1615559640
Ajdabiya,30.7554,20.2263,289.23,51,0,6.8,LY,1615559641
Cutlerville,42.8409,-85.6636,278.71,65,20,6.17,US,1615559642
Manzanillo,20.3433,-77.1167,299.79,57,21,7.31,CU,1615559644
Montepuez,-13.1256,38.9997,296.95,93,100,0.89,MZ,1615559645
Egvekinot,66.3167,-179.1667,259.83,95,100,1.55,RU,1615559646
Līsakovsk,52.5369,62.4936,251.2,85,0,3.99,KZ,1615559648
Sisophon,13.5859,102.9737,303.9,38,56,2.27,KH,1615559649
Gölköy,40.6875,37.6178,277.15,65,75,3.09,TR,1615559650
Store Heddinge,55.3097,12.3889,280.37,70,75,8.75,DK,1615559653
Rancho Mirage,33.7397,-116.4128,280.15,61,1,2.2,US,1615559654
Batagay,67.6333,134.6333,246.15,86,3,1.56,RU,1615559655
Kanniyākumāri,8.0833,77.5667,300.97,64,21,6.72,IN,1615559657
Namatanai,-3.6667,152.4333,299.16,83,88,1.68,PG,1615559658
Omsukchan,62.5333,155.8,252.19,98,100,2.55,RU,1615559593
Colares,38.7992,-9.4469,289.26,58,20,6.17,PT,1615559660
Umluj,25.0213,37.2685,296.92,50,0,7.98,SA,1615559662
Basse,52.5518,9.5069,282.04,71,75,5.66,DE,1615559663
Tura,25.5198,90.2201,296.59,40,33,0.91,IN,1615559664
Kaili,-3.4626,120.2147,292.59,88,84,1.44,ID,1615559666
Lancaster,40.2504,-76.2499,289.15,55,90,4.63,US,1615559667
Shimoda,34.6667,138.95,280.93,91,100,6.22,JP,1615559668
Havøysund,70.9963,24.6622,269.15,80,75,1.54,NO,1615559670
Nyurba,63.2842,118.3319,259.02,95,92,3.11,RU,1615559595
Forestville,38.8451,-76.875,292.04,45,20,3.09,US,1615559672
Yumen,40.2833,97.2,282.53,21,0,3.82,CN,1615559674
Rybachiy,48.7073,44.7449,268.71,46,0,3.0,RU,1615559675
Alta,69.9689,23.2717,270.37,63,0,6.69,NO,1615559676
Morgan City,29.6994,-91.2068,294.26,100,75,3.09,US,1615559679
Caramay,10.1815,119.236,298.38,87,100,3.09,PH,1615559680
Ngunguru,-35.6167,174.5,288.15,94,13,1.34,NZ,1615559681
Kalmunai,7.4167,81.8167,299.19,78,31,3.99,LK,1615559684
Deputatsky,69.3,139.9,244.44,83,34,1.48,RU,1615559685
Broome,42.2506,-75.833,282.04,56,1,4.63,US,1615559686
Çine,37.6117,28.0614,288.15,44,0,0.51,TR,1615559688
Inírida,3.8653,-67.9239,300.06,88,78,1.36,CO,1615559689
Berdigestyakh,62.0989,126.6992,262.8,96,100,1.01,RU,1615559690
Turukhansk,65.8167,87.9833,248.72,94,57,0.81,RU,1615559692
Omboué,-1.5746,9.2618,301.2,73,100,2.62,GA,1615559693
Kargasok,59.0556,80.8572,259.2,95,94,3.27,RU,1615559694
Neepawa,50.2289,-99.4664,261.15,79,75,4.9,CA,1615559696
Lompoc,34.6391,-120.4579,277.59,93,1,1.97,US,1615559697
Canillo,42.5833,1.6667,282.59,92,99,2.58,AD,1615559698
Mayor Pablo Lagerenza,-19.9309,-60.7718,309.5,26,0,2.57,PY,1615559700
Wenling,28.3669,121.36,287.04,83,12,4.83,CN,1615559701
Kumul,42.8,93.45,285.56,24,66,3.07,CN,1615559702
Lagoa,39.05,-27.9833,286.94,88,100,5.35,PT,1615559704
Villazón,-22.0866,-65.5942,286.71,50,24,4.69,BO,1615559705
Eqbālīyeh,35.3022,51.5358,284.15,82,90,9.26,IR,1615559706
Noumea,-22.2763,166.4572,295.15,88,90,2.57,NC,1615559708
Svay Rieng,11.0879,105.7993,300.59,54,24,4.98,KH,1615559709
Killin,33.6123,-91.7412,291.15,94,90,3.6,US,1615559710
Sindor,62.8629,51.8905,264.55,91,100,3.93,RU,1615559712
Bulri,24.8667,68.3333,299.06,41,13,6.18,PK,1615559713
Wanning,18.8003,110.3967,294.91,93,17,2.46,CN,1615559714
Bandarbeyla,9.4942,50.8122,299.2,64,0,3.73,SO,1615559716
Saint-Paul,-21.0096,55.2707,300.15,61,90,6.17,RE,1615559717
Kubuta,-26.8833,31.4833,301.15,57,40,5.66,SZ,1615559718
Kembé,4.6228,21.8865,304.95,42,79,1.59,CF,1615559720
Mobaye,4.319,21.1786,310.69,27,71,1.51,CF,1615559721
Olafsvik,64.8945,-23.7142,272.84,75,100,11.73,IS,1615559722
Dale,38.1689,-86.99,283.15,93,90,2.57,US,1615559724
Constantine,36.365,6.6147,293.15,24,0,4.63,DZ,1615559518
Acará,-1.9608,-48.1967,301.66,77,100,1.05,BR,1615559726
Pāsighāt,28.0667,95.3333,295.97,52,0,2.13,IN,1615559728
Ati,13.2154,18.3353,315.68,5,18,3.92,TD,1615559729
Goderich,43.7501,-81.7165,276.15,81,0,5.66,CA,1615559730
Vila Velha,-20.3297,-40.2925,303.15,62,0,6.17,BR,1615559508
Kidal,18.4411,1.4078,303.28,9,0,8.84,ML,1615559733
Zyryanka,65.75,150.85,251.63,97,99,4.68,RU,1615559734
Romny,50.751,33.4747,269.58,60,100,7.43,UA,1615559735
Jadu,31.953,12.0261,290.92,27,18,4.74,LY,1615559737
Bilma,18.6853,12.9164,311.9,3,28,8.27,NE,1615559738
Nantucket,41.2835,-70.0995,281.15,93,1,6.69,US,1615559456
Miles City,46.4083,-105.8406,267.15,86,1,4.12,US,1615559742
Thinadhoo,0.5333,72.9333,302.21,64,90,2.86,MV,1615559743
Sisimiut,66.9395,-53.6735,264.31,88,100,3.17,GL,1615559744
Rognan,67.0953,15.3878,273.71,73,100,4.92,NO,1615559746
Cachoeira do Sul,-30.0392,-52.8939,303.78,44,33,0.46,BR,1615559649
Karratha,-20.7377,116.8463,302.46,68,0,1.29,AU,1615559748
Saint-Joseph,-21.3667,55.6167,300.15,65,0,7.72,RE,1615559749
Ormara,25.2088,64.6357,296.94,81,14,1.63,PK,1615559751
Price,39.5994,-110.8107,271.15,74,20,5.14,US,1615559752
Samarinda,-0.5,117.15,296.55,93,89,0.77,ID,1615559756
Teya,60.3778,92.6267,261.9,89,62,4.03,RU,1615559757
Normandin,48.8333,-72.5321,273.15,64,83,12.86,CA,1615559758
